-- c_g_kind --
INSERT INTO `c_g_kind`
  (`kbn`, `seq`, `code`, `name`, `memo`) 
VALUES 
  ('Stat',    '0', NULL, '状態区分',     NULL)
 ,('Stat',    '1', '0',  '有効',         NULL)
 ,('Stat',    '2', '1',  '無効',         NULL)
 ,('AcStat',  '0', NULL, 'アカウント状態区分', NULL)
 ,('AcStat',  '1', '00', '仮登録',       NULL)
 ,('AcStat',  '2', '10', '有効',         NULL)
 ,('AcStat',  '3', '80', '休止',         NULL)
 ,('AcStat',  '4', '90', '無効',         NULL)
 ,('AcCnKbn', '0', NULL, 'アカウント連絡先区分', NULL)
 ,('AcCnKbn', '1', '00', 'Email',        NULL)
 ,('LgnKbn',  '0', NULL, 'ログイン認証区分', NULL)
 ,('LgnKbn',  '1', '00', 'ログイン画面', NULL)
 ,('SaveFlg', '0', NULL, '保存フラグ区分', NULL)
 ,('SaveFlg', '1', '0', '保存しない',    NULL)
 ,('SaveFlg', '2', '1', '保存する',      NULL)
 ,('AugtKbn', '0', NULL, '権限付与区分', NULL)
 ,('AugtKbn', '1', '0',  '通常',         NULL)
 ,('AugtKbn', '2', '1',  '参照のみ',     NULL)
 ,('Sex',     '0', NULL, '性別区分',     NULL)
 ,('Sex',     '1', '0',  '男性',         NULL)
 ,('Sex',     '2', '1',  '女性',         NULL)
 ,('Sex',     '3', '2',  '不明',         NULL)
 ,('EmStat',  '0', NULL, '社員状態区分', NULL)
 ,('EmStat',  '1', '00', '仮登録',       NULL)
 ,('EmStat',  '2', '10', '在籍中',       NULL)
 ,('EmStat',  '3', '80', '休職中',       NULL)
 ,('EmStat',  '4', '90', '退社済',       NULL)
 ,('Living',  '0', NULL, '同居区分',     NULL)
 ,('Living',  '1', '0',  '同居',         NULL)
 ,('Living',  '2', '1',  '別居',         NULL)
  ;


-- c_m_permission --
INSERT INTO `c_m_permission` 
  (`id`, `key`, `default_url`, `flg`, `name`, `memo`, `status`)
VALUES 
  ('1', 'main_menu',          '/main_menu',               CONV(0000000000000000,2,10),'メインメニュー',    '', '0')
 ,('2', 'employee_search',    '/employee_search',         CONV(0000000000000001,2,10),'社員情報検索',      '社員の情報を検索します。', '0')
 ,('3', 'employee_info',      '/employee_info/show',      CONV(0000000000000011,2,10),'社員個人情報管理',  '社員の個人情報を表示します。', '0')
 ,('4', 'employee_family',    '/employee_family/show',    CONV(0000000000000011,2,10),'社員家族情報管理',  '社員の家族情報を表示します。', '0')
 ,('5', 'employee_attendance','/employee_attendance/show',CONV(0000000000000011,2,10),'社員勤怠情報管理',  '', '0')
 ,('6', 'employee_expenses',  '/employee_expenses/show',  CONV(0000000000000011,2,10),'社員交通費情報管理','', '0')
 ,('7', 'account_info',       '/account_info',            CONV(0000000000000001,2,10),'アカウント情報管理','', '0')
 ,('8', 'password_change',    '/password_change',         CONV(0000000000000001,2,10),'パスワード変更',    'パスワードを変更します。', '0')
 ,('9', 'account_name_change','/account_name_change',     CONV(0000000000000001,2,10),'アカウント名変更',  'アカウント名を変更します。', '0')
  ;

-- c_m_authority --
INSERT INTO `c_m_authority` 
  (`id`, `name`, `memo`, `status`)
VALUES
  ('1', 'システムユーザー', 'システム管理者ユーザです。', '0')
 ,('2', 'ルートユーザー',   'グループのルート管理者ユーザです。', '0')
 ,('3', '管理ユーザー',     'グループの管理者ユーザです。', '0')
 ,('4', '一般ユーザー',     '一般のユーザです。', '0')
 ,('5', 'ゲストユーザー',   '閲覧のみのユーザーです。', '0')
  ;

-- c_r_auth_grant --
INSERT INTO `c_r_auth_grant` 
  (`authority_id`, `permission_id`, `seq`, `kbn`)
VALUES 
  ('1', '1', '1', '0')
 ,('1', '2', '2', '0')
 ,('1', '3', '3', '0')
 ,('1', '4', '4', '0')
 ,('1', '5', '5', '0')
 ,('1', '6', '6', '0')
 ,('1', '7', '7', '0')
 ,('1', '8', '8', '0')
 ,('1', '9', '9', '0')

 ,('2', '1', '1', '0')
 ,('2', '2', '2', '0')
 ,('2', '3', '3', '0')
 ,('2', '4', '4', '0')
 ,('2', '5', '5', '0')
 ,('2', '6', '6', '0')
 ,('2', '7', '7', '0')
 ,('2', '8', '8', '0')
 ,('2', '9', '9', '0')

 ,('3', '1', '1', '0')
 ,('3', '2', '2', '0')
 ,('3', '3', '3', '0')
 ,('3', '4', '4', '0')
 ,('3', '5', '5', '0')
 ,('3', '6', '6', '0')
 ,('3', '7', '7', '0')
 ,('3', '8', '8', '0')
 ,('3', '9', '9', '0')

 ,('4', '1', '1', '0')
 ,('4', '3', '2', '0')
 ,('4', '4', '3', '0')
 ,('4', '5', '4', '0')
 ,('4', '6', '5', '0')
 ,('4', '8', '6', '0')
 ,('4', '9', '7', '0')

 ,('5', '1', '1', '1')
 ,('5', '3', '2', '1')
 ,('5', '5', '3', '0')
 ,('5', '6', '4', '0')
 ,('5', '8', '5', '0')
 ,('5', '9', '6', '0')
  ;

-- c_m_group --
INSERT INTO `c_m_group` 
  (`id`, `code`, `name`, `name_kana`, `kbn`, `memo`, `root_group_id`, `status`) 
VALUES 
  ('1', '000001', 'グループ1', NULL, NULL, NULL, '1', '0') 
 ,('2', '000002', 'グループ2', NULL, NULL, NULL, '1', '0') 
 ,('3', '000003', 'グループ3', NULL, NULL, NULL, '1', '0') 
 
 ,('4', '00000A', 'グループA', NULL, NULL, NULL, '4', '0') 
 ,('5', '00000B', 'グループB', NULL, NULL, NULL, '4', '0') 
 ,('6', '00000C', 'グループC', NULL, NULL, NULL, '4', '0') 
 ,('7', '00000D', 'グループD', NULL, NULL, NULL, '4', '0') 
  ;

-- c_r_grp_construction --
INSERT INTO `c_r_grp_construction` 
  (`ancestor_id`, `descendant_id`, `path_length`) 
VALUES 
  ('1', '1', '0') 
 ,('1', '2', '1') 
 ,('1', '3', '1') 

 ,('2', '2', '0') 

 ,('3', '3', '0') 

 ,('4', '4', '0') 
 ,('4', '5', '1') 
 ,('4', '6', '1') 
 ,('4', '7', '2') 

 ,('5', '5', '0') 

 ,('6', '6', '0') 
 ,('6', '7', '1') 

 ,('7', '7', '0') 
  ;

-- c_m_account --
INSERT INTO `c_m_account` 
  (`id`, `login_id`, `name`, `name_kana`, `default_authority_id`, `registration_date`, `deletion_date`, `salt`, `acc_status`) 
VALUES 
  ('1', 'system',    'システム',          NULL, '1', '2017-04-01', NULL, 'a2d6bae2c8', '10')

 ,('2', 'admin',     'アドミニストレータ',NULL, '2', '2017-04-01', NULL, 'a2d6bae2c8', '10')
 ,('3', 'manager',   '社員管理者',        NULL, '3', '2017-04-01', NULL, 'a2d6bae2c8', '10')
 ,('4', 'employeeA', '社員Ａ',            NULL, '4', '2017-04-01', NULL, 'a2d6bae2c8', '10')
 ,('5', 'employeeB', '社員Ｂ',            NULL, '5', '2017-04-01', NULL, 'a2d6bae2c8', '10')
 ,('6', 'employeeC', '社員Ｃ',            NULL, '4', '2017-04-01', NULL, 'a2d6bae2c8', '80')
 ,('7', 'employeeD', '社員Ｄ',            NULL, '4', '2017-04-01', '2017-12-08', 'a2d6bae2c8', '90')
 ,('8', 'other01',   'その他1',           NULL, '3', '2017-04-01', NULL, 'a2d6bae2c8', '10')
 ,('9', 'other02',   'その他2',           NULL, '4', '2017-04-01', NULL, 'a2d6bae2c8', '10')
 ,('10','other03',   'その他3',           NULL, '2', '2017-04-01', NULL, 'a2d6bae2c8', '10')
 
 ,('11','a0000',     'チームＡリーダー',  NULL, '2', '2017-04-01', NULL, 'a2d6bae2c8', '10')
 ,('12','b0000',     'チームＢリーダー',  NULL, '3', '2017-04-01', NULL, 'a2d6bae2c8', '10')
 ,('13','b0001',     'チームＢメンバー1', NULL, '4', '2017-04-01', NULL, 'a2d6bae2c8', '10')
 ,('14','b0002',     'チームＢメンバー2', NULL, '4', '2017-04-01', NULL, 'a2d6bae2c8', '10')
 ,('15','c0000',     'チームＣリーダー',  NULL, '3', '2017-04-01', NULL, 'a2d6bae2c8', '10')
 ,('16','c0001',     'チームＣメンバー1', NULL, '4', '2017-04-01', NULL, 'a2d6bae2c8', '10')
 ,('17','d0000',     'チームＤリーダー',  NULL, '3', '2017-04-01', NULL, 'a2d6bae2c8', '10')
 ,('18','d0001',     'チームＤメンバー1', NULL, '4', '2017-04-01', NULL, 'a2d6bae2c8', '10')
 ,('19','d0002',     'チームＤメンバー2', NULL, '4', '2017-04-01', NULL, 'a2d6bae2c8', '10')
 ,('20','d0003',     'チームＤメンバー3', NULL, '4', '2017-04-01', NULL, 'a2d6bae2c8', '10')
  ;

-- c_s_acct_key --
INSERT INTO `c_s_acct_key` 
  (`account_id`, `seq`, `key`, `expiration_time`) 
VALUES 
  ('1', '1', '61b75a668b8a8085b0bcbcf957c1d73f0de38d8a05e902911b1f5adc008a2afd', '2020-03-31')
 ,('2', '1', '61b75a668b8a8085b0bcbcf957c1d73f0de38d8a05e902911b1f5adc008a2afd', '2020-03-31')
 ,('3', '1', '61b75a668b8a8085b0bcbcf957c1d73f0de38d8a05e902911b1f5adc008a2afd', '2020-03-30')
 ,('4', '1', '61b75a668b8a8085b0bcbcf957c1d73f0de38d8a05e902911b1f5adc008a2afd', '2020-03-29')
 ,('5', '1', '61b75a668b8a8085b0bcbcf957c1d73f0de38d8a05e902911b1f5adc008a2afd', '2020-03-28')
 ,('6', '1', '61b75a668b8a8085b0bcbcf957c1d73f0de38d8a05e902911b1f5adc008a2afd', '2020-03-27')
 ,('7', '1', '61b75a668b8a8085b0bcbcf957c1d73f0de38d8a05e902911b1f5adc008a2afd', '2020-03-26')
 ,('8', '1', '61b75a668b8a8085b0bcbcf957c1d73f0de38d8a05e902911b1f5adc008a2afd', '2020-03-25')
 ,('9', '1', '61b75a668b8a8085b0bcbcf957c1d73f0de38d8a05e902911b1f5adc008a2afd', '2020-03-24')
 ,('10','1', '61b75a668b8a8085b0bcbcf957c1d73f0de38d8a05e902911b1f5adc008a2afd', '2020-03-23')
 
 ,('11','1', '61b75a668b8a8085b0bcbcf957c1d73f0de38d8a05e902911b1f5adc008a2afd', '2020-03-31')
 ,('12','1', '61b75a668b8a8085b0bcbcf957c1d73f0de38d8a05e902911b1f5adc008a2afd', '2020-03-31')
 ,('13','1', '61b75a668b8a8085b0bcbcf957c1d73f0de38d8a05e902911b1f5adc008a2afd', '2020-03-31')
 ,('14','1', '61b75a668b8a8085b0bcbcf957c1d73f0de38d8a05e902911b1f5adc008a2afd', '2020-03-31')
 ,('15','1', '61b75a668b8a8085b0bcbcf957c1d73f0de38d8a05e902911b1f5adc008a2afd', '2020-03-31')
 ,('16','1', '61b75a668b8a8085b0bcbcf957c1d73f0de38d8a05e902911b1f5adc008a2afd', '2020-03-31')
 ,('17','1', '61b75a668b8a8085b0bcbcf957c1d73f0de38d8a05e902911b1f5adc008a2afd', '2020-03-31')
 ,('18','1', '61b75a668b8a8085b0bcbcf957c1d73f0de38d8a05e902911b1f5adc008a2afd', '2020-03-31')
 ,('19','1', '61b75a668b8a8085b0bcbcf957c1d73f0de38d8a05e902911b1f5adc008a2afd', '2020-03-31')
 ,('20','1', '61b75a668b8a8085b0bcbcf957c1d73f0de38d8a05e902911b1f5adc008a2afd', '2020-03-31')
  ;

-- c_r_grp_account --
INSERT INTO `c_r_grp_account` 
  (`group_id`, `account_id`, `seq`, `account_seq`, `group_authority_id`, `memo`, `status`) 
VALUES 
  ('1', '2', '1', '1', '2', NULL, '0')
 ,('1', '3', '2', '1', '3', NULL, '0')
 ,('1', '4', '3', '1', '4', NULL, '0')
 ,('1', '5', '4', '1', '5', NULL, '0')
 ,('1', '6', '5', '1', '4', NULL, '0')
 ,('1', '7', '6', '1', '4', NULL, '0')

 ,('2', '8', '1', '1', '3', NULL, '0')
 ,('2', '9', '2', '1', '4', NULL, '0')

 ,('3', '10','1', '1', '3', NULL, '0')
 ,('3', '3', '2', '2', '4', NULL, '0')
 ,('3', '4', '3', '21', '4', NULL, '0')
 ,('3', '2', '4', '2', '5', NULL, '0')

 ,('4', '11','1', '1', '2', NULL, '0')

 ,('5', '12','1', '1', '3', NULL, '0')
 ,('5', '13','2', '1', '4', NULL, '0')
 ,('5', '14','3', '1', '4', NULL, '0')

 ,('6', '15','1', '1', '3', NULL, '0')
 ,('6', '16','2', '1', '4', NULL, '0')

 ,('7', '17','1', '1', '3', NULL, '0')
 ,('7', '18','2', '1', '4', NULL, '0')
 ,('7', '19','3', '1', '4', NULL, '0')
 ,('7', '20','4', '1', '4', NULL, '0')
  ;


-- c_g_addr --
INSERT INTO `c_g_addr` 
  (`id`, `postal_code`, `addr1`, `addr2`, `nearest_station`) 
VALUES 
  ('1', NULL, '大阪市中央区', '本町',   NULL)
 ,('2', NULL, '兵庫県尼崎市', '栗山町', NULL)
 ,('3', NULL, '奈良県生駒郡', '斑鳩町', NULL)
  ;

-- c_g_personal --
INSERT INTO `c_g_personal` 
  (`id`, `family_name`, `first_name`, `family_name_kana`, `first_name_kana`, `maiden_name`, `maiden_name_kana`, `initial`, `sex`, `birthday`, `mynumber`) 
VALUES 
  ('1', '管理者', '太郎', 'カンリシャ', 'タロウ', '', '', 'KT', '0', NULL, '')
 ,('2', '社員', '太郎', 'シャイン', 'タロウ', '契約', 'ケイヤク', 'ST', '0', NULL, '')
 ,('3', '社員', '次郎', 'シャイン', 'ジロウ', '', '', '', '1', NULL, '')
 ,('4', '社員', '三郎', 'シャイン', 'サブロウ', '', '', '', '2', NULL, '')
 ,('5', '社員', '四郎', 'シャイン', 'シロウ', '', '', '', '0', NULL, '')
 ,('6', '社員', '五郎', 'シャイン', 'ゴロウ', '', '', '', '0', NULL, '')
 ,('7', '社員', '六郎', 'シャイン', 'ロクロウ', '', '', '', '0', NULL, '')
 ,('8', '社員', '七郎', 'シャイン', 'ヒチロウ', '', '', '', '0', NULL, '')
 ,('9', '社員', '八郎', 'シャイン', 'ハチロウ', '', '', '', '0', NULL, '')
 ,('10','社員', '九郎', 'シャイン', 'クロウ', '', '', '', '0', NULL, '')
 ,('11','社員', '十郎', 'シャイン', 'ジュウロウ', '', '', '', '0', NULL, '')
 ,('12','社員', '十一郎', 'シャイン', '', '', '', '', '0', NULL, '')
 ,('13','社員', '十二郎', 'シャイン', '', '', '', '', '0', NULL, '')
 ,('14','社員', '十三郎', 'シャイン', '', '', '', '', '0', NULL, '')
 ,('15','社員', '十四郎', 'シャイン', '', '', '', '', '0', NULL, '')
 ,('16','社員', '十五郎', 'シャイン', '', '', '', '', '0', NULL, '')
 ,('17','社員', '十六郎', 'シャイン', '',                 '', '', '', '0', NULL, '')
 ,('18','社員', '_',      'シャイン', 'アンダーバー',     '', '', '', '0', NULL, '')
 ,('19','社員', '\\',     'シャイン', 'エン',             '', '', '', '0', NULL, '')
 ,('20','社員', '100%',   'シャイン', 'ヒャクパーセント', '', '', '', '0', NULL, '')
 
 ,('21', '部外者', '太郎', 'ブガイシャ', 'タロウ',  '', '', '', '0', NULL, '')
 ,('22', '部外者', '次郎', 'ブガイシャ', 'ジロウ',  '', '', '', '0', NULL, '')
 ,('23', '部外者', '三郎', 'ブガイシャ', 'サブロウ','', '', '', '0', NULL, '')
 ,('24', '部外者', '四郎', 'ブガイシャ', 'シロウ',  '', '', '', '0', NULL, '')
 ,('25', '部外者', '五郎', 'ブガイシャ', 'ゴロウ',  '', '', '', '0', NULL, '')

 ,('26', 'チームＡ', 'リーダー',  '', '',  '', '', '', '0', NULL, '')
 ,('27', 'チームＢ', 'Ｂリーダー','', '',  '', '', '', '0', NULL, '')
 ,('28', 'チームＢ', 'メンバー1', '', '',  '', '', '', '0', NULL, '')
 ,('29', 'チームＢ', 'メンバー2', '', '',  '', '', '', '0', NULL, '')
 ,('30', 'チームＣ', 'リーダー',  '', '',  '', '', '', '0', NULL, '')
 ,('31', 'チームＣ', 'メンバー1', '', '',  '', '', '', '0', NULL, '')
 ,('32', 'チームＤ', 'リーダー',  '', '',  '', '', '', '0', NULL, '')
 ,('33', 'チームＤ', 'メンバー1', '', '',  '', '', '', '0', NULL, '')
 ,('34', 'チームＤ', 'メンバー2', '', '',  '', '', '', '0', NULL, '')
 ,('35', 'チームＤ', 'メンバー3', '', '',  '', '', '', '0', NULL, '')
 ,('36', 'チームＤ', 'メンバーX', '', '',  '', '', '', '0', NULL, '')
  ;

-- m_employee --
INSERT INTO `m_employee` 
  (`id`, `employee_no`, `personal_id`, `emp_status`, `position`, `joining_date`, `leaving_date`, `acquisition_date`, `insurance_no`, `pension_no`, `default_group_id`, `account_id`) 
VALUES 
  ('1',  '0000000001', '1',  '10', 'えらい',       '2017-4-1', NULL, NULL, '', '', '1', '3')
 ,('2',  '0000000002', '2',  '10', 'えらいくない', '2017-4-1', NULL, NULL, '', '', '1', '4')
 ,('3',  '0000000003', '3',  '10', 'えらいくない', '2017-4-1', NULL, NULL, '', '', '1', '5')
 ,('4',  '0000000004', '4',  '10', 'えらいくない', '2017-4-1', NULL, NULL, '', '', '1', '6')
 ,('5',  '0000000005', '5',  '10', 'えらいくない', '2017-4-1', NULL, NULL, '', '', '1', '7')
 ,('6',  '0000000006', '6',  '10', 'えらいくない', '2017-4-1', NULL, NULL, '', '', '1', NULL)
 ,('7',  '0000000007', '7',  '10', 'えらいくない', '2017-4-1', NULL, NULL, '', '', '1', NULL)
 ,('8',  '0000000008', '8',  '10', 'えらいくない', '2017-4-1', NULL, NULL, '', '', '1', NULL)
 ,('9',  '0000000009', '9',  '10', 'えらいくない', '2017-4-1', NULL, NULL, '', '', '1', NULL)
 ,('10', '0000000010', '10', '10', 'えらいくない', '2017-4-1', NULL, NULL, '', '', '1', NULL)
 ,('11', '0000000011', '11', '10', 'えらいくない', '2017-4-1', NULL, NULL, '', '', '1', NULL)
 ,('12', '0000000012', '12', '90', 'えらいくない', '2017-4-1', NULL, NULL, '', '', '1', NULL)
 ,('13', '0000000013', '13', '80', 'えらいくない', '2017-4-1', '2017-5-31', NULL, '', '', '1', NULL)
 ,('14', '0000000014', '14', '10', 'えらいくない', '2017-4-1', NULL, NULL, '', '', '1', NULL)
 ,('15', '0000000015', '15', '10', 'えらいくない', '2017-4-1', NULL, NULL, '', '', '1', NULL)
 ,('16', '0000000016', '16', '10', 'えらいくない', '2017-4-1', NULL, NULL, '', '', '1', NULL)
 ,('17', '0000000017', '17', '10', 'えらいくない', '2017-4-1', NULL, NULL, '', '', '1', NULL)
 ,('18', '0000000018', '18', '10', 'えらいくない', '2017-4-1', NULL, NULL, '', '', '1', NULL)
 ,('19', '0000000019', '19', '10', 'えらいくない', '2017-4-1', NULL, NULL, '', '', '1', NULL)
 ,('20', '0000000020', '20', '10', 'えらいくない', '2017-4-1', NULL, NULL, '', '', '1', NULL)

 ,('21', '2000000001', '21', '10', '?', '2017-4-1', NULL, NULL, '', '', '2', '8')
 ,('22', '2000000001', '22', '10', '?', '2017-4-1', NULL, NULL, '', '', '2', '9')

 ,('23', '3000000001', '23', '10', '?', '2017-4-1', NULL, NULL, '', '', '3', '10')
 ,('24', '3000000001', '24', '10', '?', '2017-4-1', NULL, NULL, '', '', '3', NULL)
 ,('25', '3000000001', '25', '10', '?', '2017-4-1', NULL, NULL, '', '', '3', NULL)

 ,('26', 'A000000001', '26', '10', '?', '2017-4-1', NULL, NULL, '', '', '4', '11')
 ,('27', 'B000000002', '27', '10', '?', '2017-4-1', NULL, NULL, '', '', '5', '12')
 ,('28', 'B000000003', '28', '10', '?', '2017-4-1', NULL, NULL, '', '', '5', '13')
 ,('29', 'B000000004', '29', '10', '?', '2017-4-1', NULL, NULL, '', '', '5', '14')
 ,('30', 'C000000005', '30', '10', '?', '2017-4-1', NULL, NULL, '', '', '6', '15')
 ,('31', 'C000000006', '31', '10', '?', '2017-4-1', NULL, NULL, '', '', '6', '16')
 ,('32', 'D000000007', '32', '10', '?', '2017-4-1', NULL, NULL, '', '', '7', '17')
 ,('33', 'D000000008', '33', '10', '?', '2017-4-1', NULL, NULL, '', '', '7', '18')
 ,('34', 'D000000009', '34', '10', '?', '2017-4-1', NULL, NULL, '', '', '7', '19')
 ,('35', 'D000000010', '35', '10', '?', '2017-4-1', NULL, NULL, '', '', '7', '20')
 ,('36', 'D00000000X', '36', '10', '?', '2017-4-1', NULL, NULL, '', '', '7', NULL)
  ;

-- s_emp_addr --
INSERT INTO `s_emp_addr` 
  (`employee_id`, `seq`, `addr_id`, `memo`) 
VALUES 
  ('1',  '1', '1', NULL)
 ,('2',  '1', '2', NULL)
 ,('3',  '1', '3', NULL)
  ;

